length,width,area_mm,area_pixel,contrast
0.531201,0.103862,0.0458202,236,5
0.537488,0.103313,0.0625174,322,34
0.5439,0.105996,0.0537805,277,6
0.574576,0.112897,0.0380541,196,6
0.594935,0.0439202,0.0345593,178,70
0.60941,0.043022,0.0300938,155,46
0.647417,0.11075,0.0689245,355,6
0.649778,0.100896,0.0726134,374,18
0.668692,0.0380456,0.0345593,178,55
0.684941,0.110798,0.0475676,245,7
0.695547,0.119589,0.07339,378,26
0.705377,0.134901,0.0994066,512,73
0.710522,0.133223,0.0867866,447,21
0.712365,0.110917,0.0689245,355,5
0.724364,0.0472936,0.0419372,216,53
0.754524,0.0204365,0.024075,124,27
0.761563,0.131244,0.109114,562,24
0.815844,0.102371,0.0687304,354,8
0.830065,0.163465,0.109308,563,6
0.83707,0.122191,0.102707,529,15
0.875734,0.101304,0.0912522,470,7
0.930356,0.0222828,0.0308704,159,46
0.972843,0.110972,0.118822,612,46
1.00972,0.0197036,0.0320353,165,9
1.01974,0.152908,0.139208,717,11
1.0219,0.0298918,0.0384424,198,11
1.02563,0.124411,0.137461,708,45
1.0496,0.0176863,0.0297055,153,8
1.0672,0.0253738,0.0398015,205,12
1.07011,0.0350225,0.0524215,270,11
1.0722,0.101381,0.120181,619,20
1.08748,0.0464587,0.0654298,337,12
1.09836,0.0211845,0.0372775,192,9
1.10412,0.0206252,0.032812,169,8
1.10957,0.099831,0.093582,482,8
1.13335,0.0426088,0.064459,332,62
1.14769,0.0936016,0.118822,612,9
1.15195,0.0378247,0.0547513,282,9
1.15833,0.0260366,0.0421313,217,9
1.16005,0.159502,0.100183,516,9
1.16825,0.162394,0.124647,642,8
1.16927,0.0440412,0.0679537,350,13
1.19979,0.131722,0.16406,845,39
1.20444,0.0277085,0.0504799,260,11
1.22762,0.0486389,0.075914,391,16
1.2325,0.0269319,0.0425196,219,52
1.2435,0.0734152,0.0959119,494,8
1.24755,0.144429,0.189494,976,8
1.27358,0.0214167,0.0438787,226,9
1.28234,0.0496456,0.0780497,402,12
1.2858,0.137616,0.171049,881,20
1.30084,0.170415,0.217646,1121,7
1.30095,0.0218233,0.0427138,220,9
1.31387,0.204569,0.2225,1146,12
1.31718,0.0383426,0.0689245,355,11
1.3235,0.0234247,0.0491209,253,9
1.32638,0.0292902,0.0531981,274,23
1.33057,0.223355,0.286959,1478,17
1.34058,0.0251862,0.0520332,268,9
1.34839,0.0172752,0.0405781,209,9
1.36559,0.018473,0.0419372,216,10
1.38066,0.197158,0.289483,1491,14
1.39635,0.090623,0.146003,752,36
1.40084,0.0300431,0.061935,319,11
1.4023,0.13163,0.176291,908,9
1.42113,0.0322572,0.0607701,313,22
1.42231,0.165478,0.251429,1295,50
1.43281,0.0741914,0.116686,601,9
1.43971,0.0960375,0.155517,801,10
1.4783,0.0191591,0.0471793,243,10
1.49257,0.0206617,0.0487325,251,9
1.49519,0.140453,0.192212,990,13
1.52101,0.0516935,0.0997949,514,25
1.52302,0.244333,0.367921,1895,47
1.57533,0.037925,0.0829036,427,12
1.58931,0.244728,0.21454,1105,9
1.58982,0.214981,0.174156,897,10
1.59624,0.095699,0.155517,801,12
1.59985,0.0621069,0.121346,625,31
1.6126,0.14334,0.142897,736,19
1.61506,0.0221819,0.0545572,281,9
1.6584,0.218256,0.20755,1069,23
1.65954,0.0280316,0.0646531,333,10
1.65958,0.0187096,0.051839,267,8
1.67867,0.0272843,0.069507,358,11
1.68924,0.249446,0.379376,1954,20
1.72137,0.0264968,0.0665947,343,10
1.79658,0.0380654,0.0904756,466,9
1.82779,0.0339438,0.0877574,452,11
1.84395,0.0598717,0.0879516,453,10
1.87154,0.28542,0.318606,1641,10
1.87721,0.0499985,0.113968,587,25
1.9459,0.19016,0.252011,1298,8
1.95542,0.0236775,0.0722251,372,10
1.96412,0.290771,0.513924,2647,28
1.98009,0.161114,0.309869,1596,8
1.98073,0.0147823,0.0432962,223,20
2.01132,0.0304026,0.0867866,447,10
2.04936,0.165137,0.216675,1116,6
2.06158,0.062754,0.108532,559,6
2.09105,0.373504,0.301326,1552,10
2.09162,0.0392321,0.111638,575,9
2.10516,0.105124,0.186776,962,10
2.12572,0.209006,0.26269,1353,15
2.1295,0.155375,0.219005,1128,7
2.13319,0.0944808,0.142703,735,5
2.14035,0.147063,0.117657,606,10
2.16168,0.0948684,0.150857,777,5
2.1948,0.147173,0.289871,1493,8
2.20419,0.0316519,0.100183,516,11
2.21467,0.474547,0.496645,2558,13
2.25038,0.221773,0.174932,901,16
2.29198,0.179173,0.257253,1325,6
2.29242,0.178609,0.23512,1211,6
2.29585,0.0279151,0.0926113,477,9
2.3003,0.111755,0.272397,1403,25
2.31412,0.0460099,0.136878,705,15
2.32217,0.100113,0.260748,1343,47
2.36285,0.0327174,0.106979,551,10
2.36341,0.0800363,0.149498,770,6
2.52569,0.0439392,0.145809,751,19
2.52585,0.03267,0.112415,579,9
2.5424,0.0942364,0.175321,903,7
2.55265,0.0374246,0.128336,661,15
2.58562,0.0859827,0.172991,891,6
2.58752,0.0245685,0.0988242,509,12
2.59052,0.0284335,0.111638,575,12
2.64349,0.0876544,0.176097,907,5
2.65923,0.162963,0.312587,1610,8
2.78015,0.0202133,0.0929996,479,9
2.87794,0.069488,0.166778,859,6
3.06491,0.130188,0.229101,1180,11
3.14031,0.0330939,0.147168,758,11
3.16794,0.0244816,0.120181,619,10
3.34001,0.0235692,0.123676,637,9
3.35685,0.0216934,0.115133,593,9
3.36696,0.169031,0.396462,2042,8
3.40041,0.0195027,0.0865925,446,9
3.44475,0.0534179,0.226383,1166,13
3.47422,0.691664,2.07725,10699,59
3.57617,0.137402,0.478394,2464,9
3.64771,0.145739,0.406946,2096,8
3.70043,0.116015,0.298802,1539,7
3.71589,0.36082,0.943392,4859,12
3.84224,0.125134,0.353942,1823,11
3.86217,0.407768,0.430633,2218,10
3.99734,0.223861,0.857965,4419,23
4.33447,0.0322776,0.203473,1048,13
4.50076,0.641304,1.11347,5735,11
4.55678,0.242453,0.589062,3034,14
4.77199,0.0357456,0.224636,1157,11
4.86196,0.414728,0.90728,4673,7
5.15506,0.203948,0.696817,3589,6
5.24382,0.793621,1.2521,6449,27
5.27337,0.19045,0.306957,1581,9
5.46848,0.04904,0.344428,1774,15
5.5507,0.108602,0.662452,3412,19
6.03426,0.409516,1.01368,5221,13
6.05314,0.0221457,0.214151,1103,10
6.2933,0.343635,1.2686,6534,9
6.32743,0.0763242,0.552755,2847,25
6.50671,0.0653429,0.440923,2271,11
6.51526,0.309217,0.473346,2438,11
7.1567,0.0651454,0.563628,2903,20
7.16999,0.14371,0.920482,4741,15
7.38946,0.374837,1.90969,9836,12
7.68866,0.0930167,0.547901,2822,6
7.72496,1.5521,1.03037,5307,12
8.13753,1.77027,3.7392,19259,11
10.0045,0.501797,1.75049,9016,24
10.1236,0.26031,0.74089,3816,20
12.3602,0.118868,1.58177,8147,24
14.529,0.0309355,0.446359,2299,9
14.9278,0.0573303,1.06784,5500,26
17.0682,0.407975,3.47341,17890,11
17.2443,0.302989,1.19482,6154,10
